,ID,Group,Feature_1,Feature_2,Feature_3
0,ID000,B,2187.0519397133876,409.43713896991295,4367.661747175851
1,ID001,A,2655.3220742018902,407.0248074389254,5929.377082187962
2,ID002,C,2909.120484209641,414.96522280401354,-2502.2337765948346
3,ID003,B,3095.593819047373,390.502084562625,6192.781434467699
4,ID004,B,2544.0453933159633,382.73286632955353,5097.507023782138
5,ID005,A,2559.802801854246,379.63198032514447,5769.427049054817
6,ID006,A,3044.5632023748753,378.7077974978943,7254.167072411106
7,ID007,A,2264.9536732148467,402.72034632822044,4769.749045340716
8,ID008,C,2737.358307378463,407.7110078806999,-2324.3656802469554
9,ID009,C,3100.0215406396874,394.9738858569991,-2701.844355041167
10,ID010,B,2042.9251895389903,373.8216302826665,4066.3642312811744
11,ID011,B,2651.6403766763833,415.68378153947475,5291.210592376507
12,ID012,B,2458.4129450175506,414.3186753532142,4897.366770680745
13,ID013,C,2698.586337687492,392.5174114997202,-2301.87396891578
14,ID014,B,2211.246027934378,395.8337460756005,4445.764955982075
15,ID015,B,2656.5363456135683,401.4276227593913,5326.690521716277
16,ID016,B,2835.1266048047078,398.62921325014787,5667.264247918235
17,ID017,B,1998.5355944273,422.1425605230092,3995.6322991890165
18,ID018,A,2711.701044154063,428.97151171027076,5980.532227695054
19,ID019,C,1878.6054222554976,394.36465492410497,-1473.0985725201729
20,ID020,C,2769.1964895087012,405.2635954433775,-2354.2153246495136
21,ID021,B,2825.6891610516645,374.4094549754085,5671.043585512272
22,ID022,A,2609.4668889927534,413.76544900286206,5756.021042652828
23,ID023,B,2135.7017779263642,412.4580238417828,4275.045329204811
24,ID024,A,2682.8957618657455,388.52028388129116,6105.613529814788
25,ID025,A,1930.0572044714688,400.37463119810036,3764.243637374346
26,ID026,B,2063.089964324171,400.19339911040333,4126.971799870344
27,ID027,B,2663.5438110955106,416.19067482477254,5308.933926767734
28,ID028,C,2538.9497268665737,403.7183350096217,-2134.8150195419726
29,ID029,B,2400.5392478177623,387.910565710775,4802.577911067454
30,ID030,B,2425.7517772923184,392.5043347034104,4855.351468407462
31,ID031,A,2684.125668231808,401.64994149922836,6032.152296812628
32,ID032,C,2309.6734801084463,400.1254070038558,-1892.822289394678
33,ID033,B,2346.304911866243,410.4369403642266,4700.574423870937
34,ID034,C,2341.7908214826944,403.64884975880994,-1952.6281773250987
35,ID035,C,2717.385898349917,408.36406677867194,-2289.698252510314
36,ID036,C,2724.767653327972,431.09192057712613,-2290.4180162560083
37,ID037,B,2112.8851508936837,401.3870747317398,4226.64237407155
38,ID038,A,2728.5116646691795,380.8538132450912,6286.1404880259515
39,ID039,A,1971.853525533561,387.4924725779024,3973.1322186474977
40,ID040,A,2789.568348021586,407.26816080670244,6346.354462122712
41,ID041,C,2336.4803975321042,396.0529673415577,-1931.762298649549
42,ID042,C,2048.293879671024,401.0220739998834,-1635.0429739726403
43,ID043,C,2009.246689203878,395.1829826872123,-1603.4770866685171
44,ID044,C,2970.561939934621,385.03236194339587,-2584.8347570248898
45,ID045,A,2718.2864605745194,410.75682291850296,6078.357012470378
46,ID046,C,1921.4522429053018,411.72901603996314,-1498.2418889355574
47,ID047,B,2255.9212161276473,382.3224590997546,4499.321719083493
48,ID048,C,2255.8369773091017,394.1538409174401,-1851.5843924319395
49,ID049,A,2598.2173554878777,391.1752351747124,5840.124678663069
50,ID050,A,2346.553876941571,433.7697514268135,4895.942206875706
51,ID051,A,2348.311201139291,418.76068361271615,4976.100812838403
52,ID052,B,2509.889899751762,401.2402959043444,5006.322483299968
53,ID053,C,2369.096149303606,350.23811177762946,-2022.2987560604438
54,ID054,C,2654.232856802055,413.4551191481407,-2257.610369020241
55,ID055,A,2553.1448347797964,393.20186438182236,5688.664595549499
56,ID056,B,2601.384209769698,404.9511808133296,5214.1115555205715
57,ID057,C,2709.145433562054,420.55604084586435,-2276.568272561678
58,ID058,C,2112.445652068143,415.7805681705286,-1698.6057893396812
59,ID059,B,2722.3714568691194,400.5191699832394,5440.877035493641
60,ID060,C,2988.8185270560707,407.866336490628,-2593.6769341222193
61,ID061,C,2702.733359639869,385.82131444271425,-2316.6689293463055
62,ID062,A,2981.5952947754695,412.7290499679482,6880.649494124219
63,ID063,B,2499.2939669716334,388.7952223413552,4999.964199241481
64,ID064,C,2194.708159182361,401.6097632847797,-1791.2480131190744
65,ID065,A,2551.9781725508587,428.39714433485915,5514.096041297566
66,ID066,C,2946.7402861998953,393.8596047130432,-2555.784497859384
67,ID067,C,2860.467894946287,406.9981937798958,-2453.617407806087
68,ID068,A,3124.04648062173,386.5994518490043,7430.464873189989
69,ID069,C,2699.375670296659,400.0960856603487,-2296.381961368677
70,ID070,C,2464.3633033275855,383.98411963392635,-2080.275655773902
71,ID071,A,1888.4077501471902,413.1463976816678,3593.310163890134
72,ID072,B,2330.668408270467,391.7700610894463,4641.892999495874
73,ID073,B,2396.7508482131707,397.4694836057064,4785.433833595819
74,ID074,A,2693.3395400617555,407.20086963959443,6043.1974155103835
75,ID075,C,3043.9702354984306,410.8323226708904,-2626.1959407051927
76,ID076,B,2572.8403298454778,388.96540571336647,5138.516763461479
77,ID077,B,2323.520581280327,381.2149369689658,4643.056664911981
78,ID078,C,2297.631350387968,410.7901587360877,-1896.1918986736391
79,ID079,B,2541.0090019864347,392.17376609611233,5089.024266938641
80,ID080,A,2685.142174749594,393.4620371005028,6064.680269594902
81,ID081,C,2142.2523684472253,367.34816509088023,-1755.9431709543999
82,ID082,C,2485.193971261944,406.0914744093419,-2072.7784474770037
83,ID083,B,2314.262522067638,416.0691222837825,4637.561375296642
84,ID084,A,2480.626963537023,414.18059729542045,5371.793049631186
85,ID085,B,2809.8295961799204,392.53872548537595,5608.722685549221
86,ID086,C,2662.1654573073647,404.2572513903063,-2233.6648014215975
87,ID087,C,2825.291572838276,397.92503087783325,-2433.974228831312
88,ID088,B,3335.116063641436,388.64327637771777,6679.312846264662
89,ID089,A,2742.7110938083056,388.88787031764656,6282.410797301534
90,ID090,B,2840.734665113398,394.57894316841384,5695.017689300764
91,ID091,A,2536.2555626933895,403.60114815551924,5600.0491973061635
92,ID092,B,2470.100346500787,388.62846066852893,4947.460645404041
93,ID093,B,2599.876913829153,396.7356228215717,5209.981756522834
94,ID094,A,2377.5786305282454,393.26939728052923,5168.231289316965
95,ID095,B,2362.1794175140017,423.18647599639917,4731.017730404362
96,ID096,A,2399.827799792549,418.1044941352008,5076.398717203692
97,ID097,B,1965.870236016418,393.2005932237028,3933.941642016854
98,ID098,C,2888.016405109913,402.5060304875931,-2493.015827451777
99,ID099,A,3061.8907469750648,402.95784664936696,7178.343959166245
100,ID100,A,2594.226810566814,409.22297879880796,5718.151582309425
101,ID101,A,1883.5679655549038,398.6217094040785,3678.5628926675345
102,ID102,A,2521.8216825322415,418.62207833587024,5466.371886813359
103,ID103,C,2540.911247740429,420.19310405022003,-2130.2831089575648
104,ID104,A,2633.4780552077905,407.10924379257085,5856.121890886832
105,ID105,B,2405.7624772723416,413.3016699786057,4814.431036110663
106,ID106,A,2184.9619070590215,422.83175118478084,4437.087811138452
107,ID107,B,2581.0330215891113,390.13643188364205,5154.330396421549
108,ID108,A,2331.001509094427,392.29135998088117,5002.674084686772
109,ID109,B,2673.300745318958,386.68789596881754,5343.715272258334
110,ID110,B,2270.489127313378,422.5422382940369,4535.312448450812
111,ID111,A,2403.756725264894,403.16386209301845,5217.914834399148
112,ID112,A,2200.4443085295466,411.6590826214867,4561.070493448444
113,ID113,C,2352.84485899868,387.29045715773276,-1974.375099636556
114,ID114,A,2568.0204021824284,406.37392334682414,5688.281527573887
115,ID115,A,2479.506835713129,405.86736830173504,5404.188480330348
116,ID116,C,3007.858852049376,419.6022380272786,-2595.33158898759
117,ID117,A,3025.811615617587,409.3352764422804,7021.3515325971475
118,ID118,B,2624.1626271884097,404.0264280255594,5249.546957910276
119,ID119,B,1967.3787673825768,412.0612995314547,3915.332052084009
120,ID120,C,2162.616044340004,395.6552150666761,-1758.9856280250735
121,ID121,B,2547.562447361638,404.60776811041745,5104.004202216752
122,ID122,A,2158.3638382851295,393.46503097839076,4514.37315275744
123,ID123,A,2267.2310462853593,415.49471761648806,4735.768792134523
124,ID124,C,1956.168738035905,378.8187019244031,-1569.460991817636
125,ID125,C,2836.8821875795898,414.20295413227893,-2419.705334684265
126,ID126,A,2308.2029060750037,384.79187529918676,5020.290661480799
127,ID127,C,2147.5801021948064,400.0432482734602,-1747.7557344996105
128,ID128,C,2026.8621975647943,383.5979727433991,-1646.115802429144
129,ID129,B,2464.8274812975046,394.3684925263152,4941.1491237640885
130,ID130,A,2192.8485133464765,421.9736562638992,4473.239961531628
131,ID131,A,2666.829105528577,377.3547917359656,6111.90219464847
132,ID132,A,2303.970619702225,402.84531909778843,4899.658880674648
133,ID133,A,3108.6790416431413,399.37689351883074,7340.0260512477835
134,ID134,C,2880.634007119502,388.22415829002756,-2493.9154280325088
135,ID135,A,2949.676434536448,398.9295927111472,6855.724482108499
136,ID136,A,2246.686316492995,404.98436220388567,4709.165061721136
137,ID137,A,2649.119344100422,372.26742471393055,6071.26202150122
138,ID138,A,1915.181878238086,439.5408257878946,3550.8355002797266
139,ID139,A,2789.7420487688814,408.4297298863414,6330.88970200271
140,ID140,A,2419.4540440511996,412.7855660469574,5194.802284590682
141,ID141,A,2280.74835421755,391.4059821723597,4889.431546522409
142,ID142,A,2713.849875719542,383.2586416528446,6231.029866213168
143,ID143,B,2293.2197744691775,390.6838595389927,4585.289114645502
144,ID144,C,1989.4693131669787,410.79814880854195,-1573.56234802347
145,ID145,C,2060.471095527184,391.78565881909526,-1672.5710263792866
146,ID146,B,2456.9190241059973,380.9657738017918,4925.924556742664
147,ID147,B,2588.5065794487678,392.7750268986282,5178.573937350178
148,ID148,B,2727.3665854543697,384.70013307498584,5472.991533119248
149,ID149,C,2186.324148533939,389.1896824904693,-1779.6265020436003
150,ID150,A,2610.4304124520827,422.6705758697318,5719.135400479928
151,ID151,B,2460.855429492803,382.7854614461014,4898.150489208137
152,ID152,A,2611.09424683121,383.2889715744614,5927.029436532174
153,ID153,B,2404.6450941653143,426.0461805579479,4775.540569379955
154,ID154,A,2753.196062628037,414.2270638011011,6179.0730473141675
155,ID155,A,2407.9567152482714,386.57281618205116,5279.287467458564
156,ID156,A,2450.26884260269,389.10040423023133,5414.916201148942
157,ID157,B,2643.0175818268212,385.84501101433665,5287.899685461874
158,ID158,C,2707.8535813892445,389.7836903150744,-2303.6686166185855
159,ID159,A,2767.610289387863,365.72034860779536,6489.824034295866
160,ID160,B,2621.936902148249,408.0420160160463,5234.339940885292
161,ID161,C,2599.348721056545,381.6270963461706,-2202.401516348621
162,ID162,B,2546.777483418408,392.55039921616026,5085.536083887708
163,ID163,A,2349.4485167960947,395.3113818922897,5079.425902823712
164,ID164,B,2119.669902629818,388.4055730187625,4222.546230549633
165,ID165,B,2735.914524781344,386.80028157124616,5469.531749545391
166,ID166,A,2373.6388692186606,408.5441728364151,5084.322198618126
167,ID167,A,2191.448252918878,403.06973701975085,4559.7090559588205
168,ID168,A,2448.886436146156,418.9779128063077,5261.367642293841
169,ID169,A,2362.212316870122,417.1247918387709,4989.601395094745
170,ID170,A,3157.8155334549238,403.6311129559479,7448.063924880195
171,ID171,C,2057.738170345086,412.893760507665,-1663.9737541345949
172,ID172,C,2700.8635380485457,399.55329400375234,-2298.214510699916
173,ID173,C,2984.870613126707,401.001280078606,-2589.8360757407527
174,ID174,B,2355.276514406827,387.9990857529687,4731.408476667137
175,ID175,C,2199.5602268574444,384.18360342835996,-1819.5706990813496
176,ID176,C,2697.1087583137873,418.51206936282074,-2280.49454013002
177,ID177,B,2328.8069724417137,368.6308522945598,4672.289235222399
178,ID178,B,2198.3135925671154,406.56712769626574,4386.603874740259
179,ID179,B,2782.1099049452605,405.975784553313,5564.684932227002
180,ID180,A,2735.4420016928348,416.2232694433226,6146.151345971493
181,ID181,A,2388.2191355523664,381.00173977516005,5262.748137031997
182,ID182,A,2897.334900886975,394.47654155652504,6708.030303732468
183,ID183,C,2520.437653853463,404.274409711593,-2120.3515287408504
184,ID184,B,2225.6646715885845,393.1447862078323,4447.006659733807
185,ID185,A,2556.9180105319806,400.1832812797748,5663.280447330969
186,ID186,C,3245.5417040604616,398.11703036411967,-2865.631321475405
187,ID187,C,2299.540166108512,409.02129842064585,-1900.2360180702099
188,ID188,A,2195.709741737798,406.0208490153627,4553.039797081208
189,ID189,C,2481.2595527630783,367.2830783722962,-2106.8835631051556
190,ID190,B,2293.559576347105,385.9347426017826,4591.994176732286
191,ID191,A,2531.682977834515,394.71117502062657,5610.248580540023
192,ID192,A,2057.295087035895,430.0066962957643,4015.6353685188415
193,ID193,A,2455.1661219931416,408.12454355814003,5312.120018193162
194,ID194,A,3139.029689087295,391.8448248683639,7450.542349589472
195,ID195,B,2558.8337696997455,402.23711625559014,5131.544880209009
196,ID196,C,2228.4658501755794,410.5260797062629,-1819.8112139910975
197,ID197,B,2465.2200193613858,403.60855603730386,4927.689730872577
198,ID198,B,2561.483359053446,397.2662135035383,5118.9751046581605
199,ID199,B,2268.9874457485594,409.12518684377625,4518.8064483850785
200,ID200,C,2645.160342608041,401.2450016866274,-2251.66782264305
201,ID201,C,2455.15048315657,421.44518653909347,-2018.6656744400545
202,ID202,A,2429.1163045537955,399.81417494301024,5304.979754946945
203,ID203,C,2555.9083778001377,409.3766853779847,-2150.7481106222117
204,ID204,A,2573.7161715634816,388.49660537527484,5778.21624774245
205,ID205,A,1742.503889196255,398.0679971710797,3253.011469834055
206,ID206,C,2444.62551655009,405.22376612884176,-2061.512514667939
207,ID207,B,2651.214084319576,395.9191145866914,5297.546632180743
208,ID208,C,2531.031620846971,414.37216527426415,-2119.4810889890564
209,ID209,B,2280.352848347247,424.80697451941404,4531.796542192826
210,ID210,C,2622.818525656712,397.6724428221368,-2208.0309979408125
211,ID211,C,2238.749498804619,398.12524012047237,-1849.1308152469182
212,ID212,B,2402.591438995271,404.19504299027517,4805.677612348907
213,ID213,C,2867.058992087462,387.5551762551877,-2484.44814090643
214,ID214,B,2248.5476268715793,405.69758786100823,4513.849402224217
215,ID215,B,2797.2075516899763,397.645707054717,5586.548563781103
216,ID216,B,2473.9935601983207,398.15542968985005,4953.910853997591
217,ID217,A,2557.8851978986618,408.96003358746543,5644.346855346526
218,ID218,C,2562.2070311064044,368.8652965425173,-2223.393367979347
219,ID219,A,2609.613708462259,419.8592231855533,5741.892130968428
220,ID220,C,2832.0959154060583,417.7009521505886,-2400.521711134241
221,ID221,A,2469.427762361476,410.2119301323281,5346.051197583783
222,ID222,B,2978.555485287558,408.67464085386456,5964.8652013417895
223,ID223,A,1771.3481954728736,373.66035586812364,3461.5202657916634
224,ID224,B,2499.395180766848,398.7216425528014,5010.910265230858
225,ID225,C,3027.9919964406067,398.01518490515446,-2611.081191211831
226,ID226,B,2384.0676015195763,426.19827732748814,4769.743305030535
227,ID227,C,2602.563824540164,388.31569770742044,-2225.5233955946514
228,ID228,A,2504.8113645944936,396.0218755013784,5532.823157607185
229,ID229,A,2540.905376412003,392.46347725094597,5645.315924256856
230,ID230,A,3109.7507918529545,405.01242611831515,7298.739040902787
231,ID231,A,2169.3259931555203,379.83377108938157,4612.249636502043
232,ID232,C,2246.1796513365202,395.4333949709311,-1857.8439923325946
233,ID233,B,2445.7830919615135,408.0400303118821,4895.901310548819
234,ID234,A,2555.4231893145943,428.27508431279983,5540.437541018226
235,ID235,C,2626.365311702125,437.18097357471265,-2200.9685595687183
236,ID236,C,2126.737104935377,404.0462124427793,-1728.166625586873
237,ID237,B,2110.1996824319367,417.40247898632674,4222.639668051719
238,ID238,A,1918.0510547900508,402.90928817714746,3740.7240199708754
239,ID239,C,2293.237673753241,414.3201420690831,-1886.9861096704606
240,ID240,A,2405.876801035449,389.2406402609243,5282.13110177442
241,ID241,C,2422.3871145762573,387.80616812620843,-2043.0846085210628
242,ID242,A,2579.1333298136224,408.5180085240906,5679.322726831816
243,ID243,C,2431.598480258341,367.9678689573267,-2055.235137889155
244,ID244,C,2789.2316556147944,416.7414144654125,-2374.115201545076
245,ID245,A,2815.6389342377834,386.927718517717,6511.12079603095
246,ID246,A,2580.428895164764,392.36240934348893,5794.163626263607
247,ID247,A,2217.7790821449453,402.0172930426528,4631.227390558268
248,ID248,A,3067.018971964598,403.676005643805,7187.226715795645
249,ID249,B,3006.76951452903,386.98532756550196,6018.984517282495
250,ID250,B,2295.4500084572037,404.4215255432897,4606.367138868663
251,ID251,C,2591.3431047342556,405.14937868839814,-2176.8177122048746
252,ID252,C,2916.1152154480706,392.2477656914316,-2518.3646090609864
253,ID253,A,2544.7641974298504,387.31728296468975,5695.502277325004
254,ID254,B,2247.530297628538,406.33364760074045,4498.756088802861
255,ID255,B,2565.678270727961,424.31760639817736,5154.080094997705
256,ID256,C,2264.2524006967033,426.80265116140663,-1825.8509708459383
257,ID257,B,2444.651551409431,408.8893942268492,4914.029771536805
258,ID258,C,2912.9405405025655,394.41667902314765,-2511.141668934835
259,ID259,A,2536.318133233151,397.27670173416016,5615.184155463623
260,ID260,A,2589.253967782257,381.9866504140271,5869.767461935296
261,ID261,B,2878.595263203947,399.4600198627952,5752.638715147184
262,ID262,C,2287.8309327442216,374.85539655771424,-1927.9716219916988
263,ID263,B,2669.0284058716143,392.0890362803652,5333.193372578999
264,ID264,B,2096.2117726513807,412.05144059734243,4196.7064469599045
265,ID265,A,2853.0097445876863,386.3812804962522,6611.6205767307965
266,ID266,C,2577.298685482725,405.93408471735864,-2171.1353364340184
267,ID267,A,2216.1084938449794,403.56912021971715,4603.612652699402
268,ID268,B,2181.2608417587576,388.09331598344795,4383.514973334416
269,ID269,C,2657.9117220838575,411.13026911701974,-2239.524855021946
270,ID270,B,2341.1762414374602,407.1913954075482,4663.2121569042865
271,ID271,B,2846.4478840507973,390.46544944090147,5721.068087744568
272,ID272,A,2855.757505708387,367.69231411501755,6735.949880700582
273,ID273,C,2284.3484635237883,419.8174392501532,-1855.5029392180506
274,ID274,A,2824.7650080783346,401.39759567963677,6462.402426168908
275,ID275,C,2449.5804072517867,415.8249471118279,-2037.8833335904474
276,ID276,C,2927.5087071605026,381.33430954861296,-2540.9687170263433
277,ID277,C,2849.388402193567,414.9855690044181,-2458.0605978834637
278,ID278,B,3193.7038982037275,395.1716584434699,6388.209066026435
279,ID279,B,2170.475161782248,420.02351102599846,4334.179630652926
280,ID280,C,2500.0999424214183,394.2353024567746,-2114.027505491589
281,ID281,A,1964.1664174241596,384.1309145292165,3964.052233152303
282,ID282,A,2326.9036074749097,386.0900440547615,5035.489394808698
283,ID283,A,2528.4714216048674,395.37665325184037,5611.478269124693
284,ID284,A,2111.2713659883375,398.38917676204466,4341.205666366283
285,ID285,C,2852.0255358852783,417.6028432152583,-2448.2145658488575
286,ID286,B,2525.280553668709,421.62302421628965,5058.793001820247
287,ID287,A,2649.59546081124,422.4908117978814,5854.885721531672
288,ID288,B,2817.9082742406804,407.24606316475837,5644.478946913574
289,ID289,C,2145.217932818535,404.5125472197651,-1745.5973971887584
290,ID290,C,2203.5522806945355,394.47368047675286,-1806.2337789074215
291,ID291,B,2649.664864893004,406.1616491624428,5291.349101070797
292,ID292,C,2624.2950891845508,370.13828400735423,-2273.9426966900915
293,ID293,B,2370.2637127646617,382.8446110303025,4728.571280004589
294,ID294,B,2155.059163495631,395.38346933719765,4319.319333090562
295,ID295,B,2182.409569057733,402.65592509472526,4372.921983003004
296,ID296,C,2334.3748184006286,408.9038754252281,-1927.8368891837881
297,ID297,A,2962.449827060147,380.1702697425174,6977.505330134826
298,ID298,A,2620.8736637545144,423.448653668094,5739.438279724516
299,ID299,B,2417.5323409928583,389.78441260207956,4833.205625839719
300,ID300,A,2607.076837999432,386.45107517423145,5881.219496274674
301,ID301,C,2523.0941079194495,394.22697498062166,-2145.0598497382052
302,ID302,C,2006.3705710946804,405.1098920926459,-1600.287987540042
303,ID303,B,2624.445672186126,407.43983267261143,5249.980625051628
304,ID304,B,2716.433168565814,385.71121391585865,5447.623864846872
305,ID305,A,2369.4005101983034,405.8814490779196,5067.4538008630825
306,ID306,A,3022.385910585015,425.69377430469365,6942.6945822731695
307,ID307,A,2325.864339901113,388.5708243193265,5020.622663160549
308,ID308,B,1995.6350716790403,412.9572536316816,3995.320054795788
309,ID309,A,2424.1039048112525,367.02202270704663,5438.150250757038
310,ID310,A,2497.2462046821497,387.7090653257886,5569.8311625961305
311,ID311,A,2259.661162349642,408.0320543920499,4732.087877223725
312,ID312,B,2216.8886542097825,399.80037380900995,4448.306665750636
313,ID313,B,2796.863591851717,395.26703356795645,5600.7418013639035
314,ID314,B,2471.712972320645,404.2629337791638,4952.098388096511
315,ID315,A,2431.594409675694,415.75078554133944,5215.048436333008
316,ID316,C,2284.9634931986334,386.2478823443695,-1895.859245774389
317,ID317,B,2358.704106860682,409.09943961268556,4716.002544589304
318,ID318,B,2497.0487804688087,411.79167092213606,5001.69903776798
319,ID319,A,2660.9583472519644,409.0094094567941,5937.965076634754
320,ID320,A,2279.422543387546,405.19431022162314,4806.777203193995
321,ID321,B,2165.2554450369507,432.78258468260697,4330.753273988001
322,ID322,C,2853.083510862012,413.9956124523815,-2455.7555442799357
323,ID323,B,2405.2404143091385,413.1035613247592,4786.652505976905
324,ID324,A,2419.9537087416415,392.9332812981071,5311.056625355815
325,ID325,B,2253.3333500766184,410.4647499945079,4512.858420841925
326,ID326,B,2006.374212512436,366.45817633640587,4051.881231397424
327,ID327,B,2240.4465276896176,399.87191972594917,4477.097127151448
328,ID328,B,2246.0454930299306,389.9462628945795,4510.777946181459
329,ID329,A,2253.5831426747845,381.370549310506,4846.89703802296
330,ID330,C,2581.172207308567,412.3359830097661,-2159.89155236092
331,ID331,C,2390.186080660775,425.8389813218816,-1969.2412589966234
332,ID332,B,2565.6882244002204,375.4406752144447,5142.80075789082
333,ID333,A,2195.4907183769574,377.67405252189025,4698.254965672482
334,ID334,A,2742.064731640952,405.8225269573367,6210.223351253698
335,ID335,B,2733.4848414144635,413.2427254925999,5466.457307026768
336,ID336,C,2563.1032023050457,378.9875813901137,-2184.103467788629
337,ID337,B,1916.2608001980075,400.82846359784304,3831.541927868769
338,ID338,A,2510.2902735889097,397.79624118738474,5530.494422792515
339,ID339,A,2536.8269759671575,383.5358663683229,5711.644223292814
340,ID340,A,2218.007441487096,388.30519393287113,4725.207538635444
341,ID341,C,2267.687097557357,391.08661541532865,-1879.2435581303382
342,ID342,A,2749.0980366294666,425.4132914846631,6107.392720616816
343,ID343,A,2322.0447107275204,410.62804185574186,4912.4768180890305
344,ID344,B,2699.0258634867714,393.3340563095061,5415.423128716943
345,ID345,C,2087.627089471298,372.5407893221138,-1718.176746755781
346,ID346,A,1980.546667758464,397.7651450908194,3951.1620361379923
347,ID347,B,2220.8017692704393,386.1873524856251,4443.85583643961
348,ID348,C,2746.916766379813,414.5599978148246,-2323.429953322413
349,ID349,A,1880.3433424707587,405.145078758764,3620.1368202773447
350,ID350,B,2606.010090800882,414.32317001871183,5209.167263119243
351,ID351,B,2655.8164969567306,382.40634902284785,5286.9481279861875
352,ID352,C,2183.2251926481717,368.1842868736339,-1820.7669882218684
353,ID353,B,2261.906467956235,398.7573452436639,4529.122162969484
354,ID354,B,2685.297411103911,379.2445735480609,5363.169306159793
355,ID355,B,2250.1242024391863,396.82084338308687,4494.089925883404
356,ID356,A,2480.8837970824648,397.54123347850333,5448.926069307116
357,ID357,C,2328.187773180564,414.55949264875045,-1916.0009346121783
358,ID358,B,2583.5927274282567,404.8065368615072,5159.738997564537
359,ID359,C,2629.22000080298,392.0773002336599,-2232.0842538719508
360,ID360,B,2729.5104600858745,396.1011907544036,5480.283834837882
361,ID361,A,2248.8383823360473,413.4468049382643,4659.312118192645
362,ID362,B,1969.741801987312,408.7050376502677,3953.4123523788658
363,ID363,A,2575.8958939351087,391.676632196385,5767.3954962494645
364,ID364,B,1993.3847557350603,397.0547549663248,3979.968349962271
365,ID365,C,2449.769676235289,392.72198915617076,-2065.6611371730733
366,ID366,B,2099.9531696523736,410.1401229327832,4195.3594735627985
367,ID367,A,2424.3343958693226,383.9034356540284,5373.9939877890565
368,ID368,B,2340.460254265778,353.10410988589547,4681.559276006355
369,ID369,B,2658.377500321254,388.51513558172553,5335.89535878124
370,ID370,B,3052.9958377196076,379.06195984586486,6115.513045321666
371,ID371,A,2680.9551865335256,386.1485827547981,6123.636450394532
372,ID372,B,2179.1122541726936,394.8093638885869,4353.76843581635
373,ID373,B,2167.9047025727023,409.7048356701959,4332.769583419412
374,ID374,C,1943.0631147441816,395.8594361930371,-1533.4723064017242
375,ID375,C,2403.683141292706,397.4185044919456,-2001.632396191388
376,ID376,C,2807.966621248582,398.3135478808477,-2427.2606663187967
377,ID377,C,2513.788257546477,414.2536349350099,-2127.6741707902956
378,ID378,C,2617.5743501682246,410.9406822824984,-2228.7517497449185
379,ID379,C,2632.922577581996,412.18648294527657,-2222.843706489223
380,ID380,A,2839.9449245010687,415.19223767917975,6439.666295363415
381,ID381,A,2496.981922143499,441.6435991846227,5271.903974288422
382,ID382,C,2058.1031349147925,367.3308471140279,-1675.9793439854202
383,ID383,B,2313.779020272076,393.5702086330357,4633.42173723021
384,ID384,C,2711.934901021877,395.37986521611134,-2301.9386876001354
385,ID385,C,2770.228250970114,417.0738525423142,-2352.0917695166263
386,ID386,C,2842.5440635356176,389.58752537435134,-2429.7588387040055
387,ID387,A,2557.3050498069306,395.6638697080225,5679.755987464179
388,ID388,C,2629.4940475342323,393.8180584139706,-2226.727494046307
389,ID389,A,2086.8493723208867,390.0328538796875,4294.764556792081
390,ID390,A,2371.0737081274915,389.16367784463336,5150.488261806574
391,ID391,A,2641.7783607261085,397.02024371022264,5953.9284962616275
392,ID392,B,2850.2057963334896,420.4991957972403,5678.3490377068365
393,ID393,A,2106.971025004812,419.99863981991837,4219.566177945716
394,ID394,B,2213.6839524188317,405.3463432938599,4424.331213276761
395,ID395,A,1915.9467688363834,397.91852839630263,3754.328607356187
396,ID396,A,2553.5297308654895,374.24797740533984,5772.143412663328
397,ID397,A,2524.295905792607,403.6186422627875,5547.563220899223
398,ID398,A,2801.3553802351394,389.78001354000725,6468.833546242005
399,ID399,A,2022.116658354657,398.8833750073088,4059.9743385004826
400,ID400,A,2726.461492529487,413.1164686072685,6111.7431318467625
401,ID401,A,2474.2911992202544,405.85817241859417,5383.556248168877
402,ID402,C,2331.889975601003,397.72645760082696,-1940.5345216504254
403,ID403,A,2267.272131099825,424.1809696511293,4690.9185123761135
404,ID404,C,2113.827379322529,431.93074331653133,-1683.100472384291
405,ID405,B,1858.1937295713306,412.6399020597861,3715.7632894909348
406,ID406,B,2448.9624364949746,407.579674421918,4893.22891087094
407,ID407,B,2457.735258430833,383.4746810512829,4903.249603651312
408,ID408,C,2741.4452639091287,408.32659470254936,-2322.9254257953776
409,ID409,B,2557.527624734518,428.93298996280515,5113.570219257027
410,ID410,B,2170.9071361697856,414.0754580436636,4348.993276557828
411,ID411,B,2512.2055602327496,401.88288517452054,5034.211957354561
412,ID412,B,2914.066082035934,386.95822353280795,5832.565860855735
413,ID413,B,2765.031693709204,425.0406568733737,5531.459540231466
414,ID414,C,2800.947186107413,384.9301795141926,-2426.180186446469
415,ID415,B,2447.6512934590455,397.2051292527174,4906.263721922247
416,ID416,A,2476.3404573571256,410.8803814760948,5362.775668640234
417,ID417,B,2035.3588485985488,382.18635474147436,4079.227570910821
418,ID418,B,2551.6518298971955,402.86131561754524,5112.600917650753
419,ID419,A,2445.2068350586774,420.22193585669856,5227.731665684834
420,ID420,A,3122.9594886919826,376.17948313584145,7488.335028033406
421,ID421,B,3004.8594513353773,388.3306044072715,5986.758607152178
422,ID422,B,2546.099879857912,395.4440892187601,5090.373327310868
423,ID423,A,2011.9301722388718,396.43031193163057,4057.5038208324713
424,ID424,C,2582.338105365123,388.26065837861137,-2179.3146654503366
425,ID425,B,1763.3101948932692,431.62566592709544,3510.408863298205
426,ID426,A,2820.508999508976,390.90374423175643,6489.548673783421
427,ID427,B,2837.19703856944,417.7030915544739,5654.241837023435
428,ID428,A,2590.9709809155074,403.28707725857214,5743.963537639104
429,ID429,C,2606.216630126709,398.4675431774034,-2197.1557442263265
430,ID430,B,3060.903714738801,414.08474234738054,6124.987746192454
431,ID431,B,2424.8461002517142,403.3841690256565,4864.968821637255
432,ID432,B,2102.4044905906544,392.2264476570335,4193.704351287854
433,ID433,C,3002.94544642573,414.96448345226776,-2597.0346071762233
434,ID434,C,2734.5148012721947,403.5516628816426,-2341.3493106966557
435,ID435,A,2661.43920505515,394.93386751824096,5995.540668199736
436,ID436,C,2212.1544481087303,378.59015071247353,-1836.2606337778993
437,ID437,A,2452.1889298720803,399.98255495254733,5350.367393253194
438,ID438,A,2298.703094108513,394.21951914559764,4939.067101154228
439,ID439,C,2447.6155427574554,395.14778944998034,-2060.2665335199754
440,ID440,C,2259.1954038093418,388.1888030600089,-1870.7303014715744
441,ID441,A,2547.891255949773,404.640708552678,5626.785511836968
442,ID442,C,2224.2063606731417,411.60660758829385,-1817.4803138036364
443,ID443,A,2705.7946345094065,420.1441594886981,6017.039539385627
444,ID444,A,2615.632150065623,417.0295208326045,5753.769358110331
445,ID445,A,2471.795830317375,411.77486791034397,5344.990681460616
446,ID446,C,2570.6950405528787,395.44981031815036,-2186.234855633241
447,ID447,C,2841.9337228862832,392.7597023775611,-2455.1091999304663
448,ID448,B,2507.277302029061,392.2855119302707,5032.359969446333
449,ID449,B,3133.7780500832105,407.778778888464,6265.134026431832
450,ID450,A,2613.84556171836,385.91738454958687,5917.605579684566
451,ID451,A,2163.304693779296,408.76839926227797,4454.430218046508
452,ID452,C,2193.11130471585,399.33129031554546,-1804.637918203529
453,ID453,B,2404.7255812822145,393.46933798754264,4797.420872783624
454,ID454,A,2543.4982389297033,401.0067639949254,5633.893139155112
455,ID455,A,2270.6008425179893,361.84681693223206,4991.397579275661
456,ID456,B,2045.2183818119245,398.86198314802607,4091.06078528619
457,ID457,B,2625.3822502220182,390.82252157174656,5240.703982099508
458,ID458,A,2391.748356252955,401.6347816724005,5179.313201827049
459,ID459,A,1907.2439910394512,405.83860052714334,3697.1717205640725
460,ID460,C,2015.7083447973614,391.27302019987485,-1629.109269544459
461,ID461,A,2734.429797200596,388.6232706747028,6262.177561496755
462,ID462,B,1888.906893646547,409.15598956030374,3772.291234116007
463,ID463,B,2189.663728654231,398.2939843508737,4384.288639608822
464,ID464,C,2172.4620372093827,422.1093848517866,-1745.4393111935385
465,ID465,A,2814.170236251413,362.10750769924914,6652.116380636877
466,ID466,B,2701.976737080638,383.31410391360674,5400.474966075526
467,ID467,A,2512.557175593839,391.87898312178186,5566.178497227
468,ID468,A,2474.8904317071297,414.449669482678,5345.8132695842405
469,ID469,A,2478.469553441204,398.99254980063324,5425.000668857045
470,ID470,B,2541.3187554895917,399.39401862510226,5083.808510726107
471,ID471,C,2335.5474006968975,415.40702068961264,-1923.9587330754096
472,ID472,B,2179.064369386214,401.3983176897577,4355.87293320471
473,ID473,A,2543.0446100677495,387.1219926395154,5678.656975360308
474,ID474,B,2946.9448457685808,409.5643893021798,5904.017403105371
475,ID475,B,2215.034482937532,417.7666044481818,4433.38056894533
476,ID476,C,2080.936665614822,382.3984950772715,-1686.2295609319694
477,ID477,A,2887.2643815394968,407.60637153496333,6609.444601466903
478,ID478,C,2425.3630002686145,403.41495306844877,-2033.9715900902452
479,ID479,A,2345.1268792541323,391.0253241784006,5080.0035633944935
480,ID480,B,2974.1166353968943,379.6120208589623,5955.742343589696
481,ID481,C,2204.5561674835376,393.5908229066517,-1804.1824955758013
482,ID482,A,2258.7614418118515,389.83552462612545,4831.537051701309
483,ID483,B,2350.489695948612,390.1364573210003,4705.0352171867735
484,ID484,A,2361.7949443958564,386.33424183368464,5133.544538285716
485,ID485,B,2892.1400314471402,419.39445097727605,5779.211653433143
486,ID486,B,2717.18195505497,365.7310767443122,5448.188221237369
487,ID487,A,2224.405606070784,381.6237588664572,4766.948653889434
488,ID488,B,2749.297103144881,377.8203365953958,5488.181442032009
489,ID489,C,2310.9711415792713,387.80099924863185,-1932.2099507628338
490,ID490,C,2035.4922216912946,406.07495010236363,-1623.1631916560682
491,ID491,C,2560.564058793858,375.440921130971,-2176.2612653737797
492,ID492,A,2127.8327827039925,400.7300385761664,4375.024796649823
493,ID493,A,3165.2505247251065,407.4347371890656,7444.1116605383395
494,ID494,C,2314.9156281636647,389.47742127628055,-1926.4193217952027
495,ID495,B,2461.305164148335,389.295216573441,4915.488764971975
496,ID496,B,2691.5968341294447,387.88012995633846,5371.371066717115
497,ID497,B,1965.5479732461863,393.84150030877623,3948.406358940989
498,ID498,A,1909.5755909676705,399.9646007541697,3721.1616517434068
499,ID499,C,1780.441944493874,385.19684116315227,-1405.5734099667889
500,ID500,A,2426.549815493481,395.9922137190175,5287.268607956882
501,ID501,C,2382.588405128404,392.02351383140933,-1985.6180942064184
502,ID502,C,2125.8813161899675,397.9373526899276,-1715.1657668810572
503,ID503,A,2193.720966927216,404.27954269672347,4557.330834672905
504,ID504,C,2271.553014659546,404.44143346507184,-1867.0748453862564
505,ID505,B,2201.8029408133334,376.9576233622853,4410.997138312679
506,ID506,A,2188.2571647119867,365.5373882849726,4744.314185005232
507,ID507,C,2700.454292754112,401.3303842041252,-2297.30752202385
508,ID508,A,2530.0223580558372,419.74841841041376,5493.419170455764
509,ID509,B,2642.704326987087,384.12771958549837,5289.49193752014
510,ID510,A,2386.754149596046,379.5785376950247,5278.753061654256
511,ID511,C,2712.6168661725023,405.8085577792591,-2323.488018234663
512,ID512,A,2767.3233196321994,414.8171552295852,6240.71284491465
513,ID513,B,2881.4781719169187,407.32699103193147,5789.275063980997
514,ID514,C,2069.318696626793,375.3058544898192,-1698.9453506747727
515,ID515,A,3047.412582338425,382.3855450866127,7221.424710873062
516,ID516,C,2183.6591195324045,418.784674703545,-1748.5806377039532
517,ID517,A,2487.57141353335,400.4828433140303,5472.612096200523
518,ID518,B,2408.0118857821712,440.84117364165587,4828.909772662506
519,ID519,A,2705.2493887287033,398.86424942697613,6119.168437863725
520,ID520,B,2333.966500524651,389.10243122259953,4664.105026227575
521,ID521,C,2854.3024861284093,383.92895536534246,-2450.002088792239
522,ID522,B,2425.446333557154,396.5259065835675,4833.510989573938
523,ID523,C,2196.9132637961043,420.4633520134596,-1768.9162849399563
524,ID524,A,2790.342172721529,388.9880899688896,6418.106814994649
525,ID525,C,2553.907166209249,414.94557628793837,-2134.9475464840025
526,ID526,C,3127.577946201962,411.38535471475694,-2707.779690240428
527,ID527,A,2105.4616268108302,402.29043588391016,4304.777349356499
528,ID528,B,2841.683709911507,388.1767559399423,5667.142602237507
529,ID529,A,2395.6725923965637,411.2010863892955,5126.932080073264
530,ID530,A,3093.446435303475,394.34003087861197,7300.62348431133
531,ID531,A,2155.168811197668,391.42064907273567,4499.89291142821
532,ID532,B,2549.531383927253,396.0402759024907,5115.274757562721
533,ID533,C,2481.14765782086,415.5270150093611,-2056.4608963132105
534,ID534,B,2347.2376935917127,414.80368267088045,4683.707988846513
535,ID535,B,2423.8528704553587,402.27406263178835,4846.021329386226
536,ID536,A,2427.237035445412,421.80057034597746,5179.340493337487
537,ID537,C,2603.424850973685,416.7880121087337,-2201.213856866666
538,ID538,B,2289.6046671356244,388.5342584184766,4584.110612429261
539,ID539,C,2276.831696549541,395.6884453289617,-1876.2303785700487
540,ID540,B,2140.8699631917475,431.0981171583011,4270.664171022799
541,ID541,C,3323.8278785929656,401.1856969964062,-2902.606313208587
542,ID542,C,3024.9007178441248,402.1509357957166,-2623.3523217866054
543,ID543,A,3102.311905803153,377.8318223398726,7406.059376613813
544,ID544,A,2419.482117237743,385.2646929000678,5324.33820996042
545,ID545,C,2635.920624497646,422.6254017164068,-2216.1269688788934
546,ID546,A,2932.709758702789,408.09683715974734,6747.644653545379
547,ID547,A,2823.777626630632,384.2886287011744,6535.599214998847
548,ID548,B,2800.5494600790435,414.0452788238177,5606.906142620007
549,ID549,C,2536.6699076072678,394.9944236405459,-2136.9016516882357
550,ID550,C,2865.027668481318,372.99827769756183,-2502.913825377369
551,ID551,B,2657.3174952972204,410.89302574458566,5317.479807031947
552,ID552,A,2602.98891975927,420.60397227966325,5700.754230517111
553,ID553,B,2577.378081959069,368.2049999099354,5161.125349616319
554,ID554,B,2534.1539572436236,395.7354357565893,5081.616968153011
555,ID555,B,2356.0304877224503,421.7483764510599,4716.5397204428455
556,ID556,B,2382.8795815508292,395.8856439571686,4758.2361383204225
557,ID557,B,2706.277726970789,408.01205952507325,5415.463400401172
558,ID558,A,3092.1768115945483,410.6603764321906,7237.898263172323
559,ID559,A,2811.7467636358833,353.53376006634335,6675.380311677587
560,ID560,C,2338.9312624623453,399.7776958911184,-1943.6798907152338
561,ID561,A,2185.9366129663895,384.78786476529575,4649.352992880567
562,ID562,C,2428.728802199413,410.566416147532,-2014.1996313735744
563,ID563,C,2510.977366903262,410.122409145174,-2093.5460226670843
564,ID564,B,2382.0570105938746,410.5680737649971,4753.707267753369
565,ID565,B,2376.031406819714,394.6388393562475,4741.427430174037
566,ID566,B,3022.9288052676197,428.37899922050866,6046.320304505411
567,ID567,A,2738.5023585533854,410.44189486631535,6164.551202510031
568,ID568,B,2476.82163231339,403.22774171571416,4945.765392253594
569,ID569,A,2305.761487599314,403.27837893661075,4910.811868668014
570,ID570,B,2428.3800756003475,396.1770486218764,4865.127925906192
571,ID571,B,2807.9146396633014,399.33023811970895,5616.433420562658
572,ID572,A,2472.410612049547,399.55468161030825,5419.141554914985
573,ID573,A,2349.235499454608,407.24441847407644,5025.394174987607
574,ID574,A,1954.809572893953,405.894839935384,3822.568311373451
575,ID575,C,2169.1821500252076,389.732446806705,-1777.952347744134
576,ID576,C,2473.5059079860002,365.97005610815296,-2103.359058039015
577,ID577,B,2476.8211662000226,384.0427745192347,4936.982850367319
578,ID578,C,2814.0052694501373,401.09252841369005,-2418.0663749369633
579,ID579,B,2512.849182254681,405.4937481508555,5026.4593687990755
580,ID580,C,2443.6317501405915,423.6889403450862,-2005.1371564039985
581,ID581,C,3139.533392696484,394.40662694989186,-2771.2884577511454
582,ID582,C,2458.520680769549,394.306928531843,-2075.239706846931
583,ID583,A,2919.998812182662,442.04811103171596,6541.579052632964
584,ID584,B,2342.8496534130895,398.28806397416207,4676.821882441825
585,ID585,C,2393.9363054878554,404.43580961337426,-1981.8013375858368
586,ID586,C,2343.215276461902,400.9503903804648,-1927.3292847857313
587,ID587,A,2404.7708062990473,389.03543235270274,5255.8233156738
588,ID588,A,2383.623378752495,365.43369039831686,5318.612619973051
589,ID589,B,2802.187735565386,411.5967823013263,5613.860407133065
590,ID590,A,2104.9182858574986,408.528041452439,4282.438724213879
591,ID591,A,2623.6136861353184,397.127817047833,5887.816850197272
592,ID592,C,2517.522125578605,406.1714013495382,-2100.8528170995914
593,ID593,B,2394.1351132893574,403.95002839437274,4786.019079922119
594,ID594,C,2690.9081500835696,395.5770505891132,-2289.383560913632
595,ID595,C,2447.5189583379624,397.1276358690018,-2047.4555725109215
596,ID596,A,2969.16971981823,404.55071683737964,6884.988551729837
597,ID597,A,2515.718118581119,403.1594495042077,5527.456161415396
598,ID598,A,2454.015597443252,386.41972028970764,5414.720176014092
599,ID599,A,2479.1745798145007,382.12255889004734,5527.764465840095
600,ID600,B,2111.766483631769,359.9694770058177,4226.276974672716
601,ID601,A,2697.6325748264253,400.2292956042387,6075.452896126033
602,ID602,C,2658.7623739789105,387.01397512415303,-2256.193148040455
603,ID603,B,2592.12309795898,425.17690459819573,5186.9878711587335
604,ID604,B,2548.237992891136,406.27182821919547,5082.811567495758
605,ID605,C,2713.732106843087,398.296011225595,-2324.440674400683
606,ID606,C,2194.229938721188,430.8766234044929,-1763.2741873824093
607,ID607,C,2410.5674805588346,421.7719276938348,-1988.3225728271282
608,ID608,B,2435.9878211459595,407.4464355166825,4890.133779250968
609,ID609,B,2767.923117520218,413.7580562240501,5539.81351906585
610,ID610,C,2556.834587167472,418.5420677347378,-2146.876777047476
611,ID611,A,2145.1480222804075,396.9302283135762,4437.315606700566
612,ID612,C,2036.0616255615491,373.076549463346,-1679.7601174088663
613,ID613,B,2864.381945695901,438.2357588237756,5724.709297328744
614,ID614,C,2006.8196505528958,404.3436155235244,-1602.226532732166
615,ID615,A,2640.083505312163,402.3679061373169,5893.466220385783
616,ID616,B,2418.561056658273,402.870044355546,4840.951554278082
617,ID617,C,2787.3658117707732,382.6860235576193,-2387.983096198555
618,ID618,B,2695.9858166937775,387.78130683632406,5408.933245350751
619,ID619,B,2815.616868328974,423.1624965311165,5642.042034689339
620,ID620,B,2466.727238795175,363.81514014430553,4945.247419054714
621,ID621,A,2591.2603651820864,368.87490117894646,5935.019394109993
622,ID622,B,2411.0267050238335,383.88798706896364,4834.713774937504
623,ID623,C,2850.4030251838635,357.481404593135,-2507.776432743115
624,ID624,A,2721.3387945487984,398.0700671273856,6163.21768335465
625,ID625,C,2275.4663165397333,386.27837766107035,-1880.6700997659318
626,ID626,A,2344.403336842199,407.69325903655874,4995.384542776299
627,ID627,C,2320.246552489291,397.8272429465871,-1907.7824994655334
628,ID628,B,2395.2344366082903,417.7333184785068,4796.514149011011
629,ID629,B,2260.9043420987955,418.19540556601606,4526.314192925455
630,ID630,C,2686.8638846151557,395.05272459407746,-2288.2623409229063
631,ID631,C,1918.02818437603,388.09897086333285,-1500.1026868088904
632,ID632,C,1971.970624067455,407.92518859850355,-1552.2509059656763
633,ID633,B,2221.673886509432,393.9363700108913,4438.784062063583
634,ID634,C,2501.8352611088976,423.47628591174436,-2077.352049007863
635,ID635,A,2049.077738959029,401.0506014752298,4142.89685827216
636,ID636,C,2753.511629721071,406.2290257162305,-2346.73729576583
637,ID637,C,2345.1262886650215,372.3930720208425,-1982.0547225742353
638,ID638,B,2442.4894068080694,433.3685175968426,4907.14924171869
639,ID639,B,2355.031034894726,401.6219268527268,4704.462465513864
640,ID640,C,2333.701228395004,392.503810917192,-1950.1738653004002
641,ID641,A,2303.8077293473893,389.3798128954218,4967.214511794614
642,ID642,C,2632.432278335635,416.3305189616878,-2207.1334510005613
643,ID643,B,2545.2686855174816,405.5077055460211,5096.160196148211
644,ID644,C,2454.97088036453,386.3943631432407,-2066.7863397344217
645,ID645,C,2482.2644272119096,401.128141204997,-2088.8514556774953
646,ID646,A,2931.847932946462,403.2899577352494,6771.533405633693
647,ID647,A,1947.2687542354247,374.4416636244938,3987.6509589983193
648,ID648,B,2714.098121260901,405.37639385485784,5429.905415726212
649,ID649,C,2646.887162357786,397.5218074055146,-2259.4985870940773
650,ID650,B,2234.126232065251,403.22416017080207,4448.705737275661
651,ID651,B,2576.669872247223,393.0237909686826,5151.640069489008
652,ID652,A,2884.376322979509,419.4511956918014,6584.404761687249
653,ID653,C,2372.8005865779996,391.1406846599723,-1986.6546540989912
654,ID654,C,2317.3747046792464,398.4870293553081,-1931.9937685812868
655,ID655,B,2805.909094170711,410.203604338432,5586.241596161515
656,ID656,A,2140.637440417823,421.02061930893694,4321.766028307052
657,ID657,A,3061.982002558494,363.607431123282,7366.629321221425
658,ID658,B,2595.1604787178803,421.861570238093,5187.19275851197
659,ID659,A,2878.4507691394238,396.16512508363826,6646.73000107281
660,ID660,B,2344.1044072466884,417.129476828174,4671.760296415039
661,ID661,C,2543.919644908318,398.70186397825523,-2155.9553564797952
662,ID662,A,2644.692420828596,399.0365573691994,5933.534096052823
663,ID663,A,2422.0868215008404,418.58097644396463,5168.82989909006
664,ID664,C,2159.9123103776983,403.6563684589073,-1755.3570305593696
665,ID665,C,2747.1897304100685,383.75352215795687,-2340.997182087255
666,ID666,B,2424.2518896774272,379.3638820742859,4851.581217267967
667,ID667,A,2581.852085295658,403.5551562611456,5715.151368583283
668,ID668,B,2336.6111685271258,401.9182162408027,4685.507132121762
669,ID669,B,2065.0934186174586,395.5627235681647,4121.423350372996
670,ID670,C,2590.507507633664,398.5787196709233,-2206.1815967931757
671,ID671,A,2138.355640389412,405.88747283811614,4404.213484810393
672,ID672,A,2543.412790523814,371.22137546239935,5770.206430348785
673,ID673,B,2473.703381237316,392.09982019559635,4944.187733461719
674,ID674,B,2773.1911184102564,414.46441483968033,5540.017121475486
675,ID675,A,3091.1389639325193,385.21606148401565,7344.18321234514
676,ID676,C,3048.533806456188,405.83756330626994,-2647.713932469113
677,ID677,C,1854.2955065462804,381.82532504227584,-1456.9986456765257
678,ID678,C,2467.059420328914,389.36108374345935,-2077.6312132859034
679,ID679,C,2701.221848085859,423.4132598325441,-2265.876960663714
680,ID680,B,2510.8702665462724,390.2502020690346,5029.877876134769
681,ID681,C,2575.1716610350495,391.99892709797547,-2184.994301055335
682,ID682,B,2630.048898346218,392.61290111611964,5249.47237104846
683,ID683,C,2522.7510241803807,383.57871220712053,-2144.7127822528487
684,ID684,A,1766.3433535890508,376.44522291584246,3427.4557770897895
685,ID685,C,2062.626245370797,387.1498616876711,-1676.0691617331838
686,ID686,B,2616.5734300543018,396.0458815371157,5239.218187761328
687,ID687,A,2676.5974029296044,374.3503938444174,6141.957407623386
688,ID688,C,2175.477791916762,381.3249707671508,-1804.977353950669
689,ID689,A,2672.6607731370455,397.9709691002093,6026.574730227885
690,ID690,C,2467.845961575575,403.8948136577987,-2044.0388402235596
691,ID691,C,2633.134133960707,394.57045886223847,-2239.744242940945
692,ID692,A,2550.98376796296,404.2461456608186,5618.7413958714205
693,ID693,C,2878.3084674024753,401.4837966676354,-2474.5923139232113
694,ID694,C,2434.082093205523,400.1193909543983,-2046.3297881632852
695,ID695,A,2432.686327357396,399.5239583893701,5285.472841923583
696,ID696,A,2518.9959037608337,389.6846640024101,5598.750912594209
697,ID697,C,2180.435114461567,407.96334910132293,-1770.04497557736
698,ID698,B,2674.0854756064496,409.2634950993782,5349.018580955519
699,ID699,A,1804.8235999205258,386.9816674439607,3470.6961230321085
700,ID700,A,2189.1130649852494,385.53385944910764,4645.888510268501
701,ID701,B,2250.1612573471075,403.68536393461795,4522.048267563304
702,ID702,B,2973.312207531454,397.522646752061,5948.2570769608465
703,ID703,C,1849.643275425129,405.2831068828824,-1456.4025495246663
704,ID704,A,2354.5282665181417,417.45096147725565,4981.138385763054
705,ID705,B,3154.2710109903433,415.7117192137419,6317.024502204129
706,ID706,A,2406.871933971587,415.0966971692642,5116.8800439533525
707,ID707,A,3003.070199041584,395.5764436158684,7042.630174780505
708,ID708,C,2459.117030903794,399.4706042028068,-2073.845801672563
709,ID709,A,2022.0964805501508,416.6561618284821,3976.0035780465414
710,ID710,A,3025.5010190355047,396.29727032374603,7100.641691039631
711,ID711,A,2308.6482717182275,414.9988667777191,4860.85152213453
712,ID712,C,1885.3630882528137,405.01733665861843,-1490.8738337011391
713,ID713,C,1984.871538558477,398.17134055412345,-1554.5989300185402
714,ID714,C,2631.7259135364384,386.88841016289376,-2248.93290668695
715,ID715,C,2476.0570957238547,359.373242000347,-2123.6635515483213
716,ID716,C,2050.473548456664,407.26154212914685,-1629.7809989861414
717,ID717,A,2457.184988123635,395.55659197731563,5367.300540651624
718,ID718,A,2572.446534349816,376.4070623976485,5851.855935830222
719,ID719,A,2084.3204182280556,418.9693485038798,4143.2975124074
720,ID720,B,2542.6089564404397,383.23556028675745,5087.720078550336
721,ID721,A,2654.291611791504,395.73475465618907,5979.616411963201
722,ID722,B,2104.0984289990915,405.8230674832134,4210.602082166584
723,ID723,B,2669.1670809875163,387.44999470560543,5332.240944106277
724,ID724,C,2488.82766015573,419.4534350025672,-2069.958543185497
725,ID725,C,2647.7871096683743,400.873484186416,-2239.3912807322745
726,ID726,B,2086.701972663563,362.27531904483726,4173.2087934578585
727,ID727,B,2740.876705974217,381.17866317377093,5499.495758960641
728,ID728,A,2336.1068816324823,377.25295790364385,5137.402719949512
729,ID729,B,1593.870371270173,399.53167129259674,3175.6192776804623
730,ID730,B,2328.1610234258765,392.8610116576076,4650.408712226595
731,ID731,B,2684.1325624572823,383.1029030004789,5383.2558770410515
732,ID732,A,2430.4952940941494,410.2823970235147,5241.078943384235
733,ID733,B,2556.037611880817,403.90863634475136,5108.054521288566
734,ID734,A,2758.6036355709066,407.6257930632045,6225.3182668166255
735,ID735,B,2735.872121262563,378.6662377263486,5486.356449053595
736,ID736,A,2835.6306870910566,376.58173364003125,6607.914523269732
737,ID737,A,2404.897587643085,384.5054281394704,5285.197477941679
738,ID738,B,2057.2475774473355,398.80257696802585,4106.786010377881
739,ID739,A,2598.9787052486454,427.38790039443177,5643.911874402009
740,ID740,B,2699.2250521015326,369.4461504040448,5415.700561818213
741,ID741,C,2762.24613754396,392.54762852083115,-2354.222974728662
742,ID742,B,2079.947520607321,384.5817396886154,4160.377489687428
743,ID743,B,2749.7631681360645,398.968292343742,5487.254100651225
744,ID744,B,2597.8324012916455,375.53576072233864,5198.705369013297
745,ID745,B,1944.5351501561724,406.44879236072853,3905.6244977602223
746,ID746,C,2548.853445131905,403.6806449725998,-2150.2473270578043
747,ID747,C,2238.985108282138,389.35683027816333,-1855.9631720165748
748,ID748,A,2578.820695705862,394.85959983192754,5775.903728160279
749,ID749,A,2832.8788185268168,377.0297725607614,6634.884541795479
750,ID750,B,2272.3706214784015,406.8105824729889,4550.14189230821
751,ID751,C,2289.68229436533,423.14405455169873,-1878.166527311497
752,ID752,B,2812.6104300581806,393.44646933871354,5626.0218096618055
753,ID753,A,1898.39428134721,407.41763647272074,3664.2562757729565
754,ID754,C,2354.3030832416807,385.5801161536586,-1957.722905624711
755,ID755,A,2680.9088687440567,379.93568780685956,6109.648738285858
756,ID756,C,1930.2943947890394,414.83975220801796,-1502.2900934695451
757,ID757,A,2169.2270975239508,405.6021198513689,4477.648601919978
758,ID758,C,2833.5732128682166,366.92974161457755,-2487.8366239223074
759,ID759,C,2788.8269670875898,399.31650468515744,-2379.604891070464
760,ID760,A,2029.3877101141354,422.80989753384983,3962.4512891120394
761,ID761,B,2539.9687503296045,396.1843388731889,5068.365119524652
762,ID762,B,2475.3596762652232,390.2773424742161,4940.57780276842
763,ID763,A,2310.0535150243218,398.22420123907756,4945.379120110709
764,ID764,B,2613.609034425109,414.85869541901013,5247.42415770677
765,ID765,C,2491.1552705808126,410.8710567383087,-2090.20990113222
766,ID766,B,2228.34232343177,385.41834433849726,4470.5246206605225
767,ID767,B,2468.8355558860712,406.55894007593645,4907.649369157067
768,ID768,B,2997.328263416489,401.5246497088228,6006.251680966651
769,ID769,C,2464.4584689223816,399.6601069302188,-2066.6418492427874
770,ID770,A,2545.8016292332004,417.95421869780586,5526.0377734541935
771,ID771,C,2538.075275601391,398.525072066846,-2158.261608924613
772,ID772,C,2247.9737091789843,390.7843621846228,-1848.10653608531
773,ID773,A,2852.522496662106,402.69446127378524,6560.252085786678
774,ID774,C,2600.7195860448164,390.2282321605156,-2206.412203461958
775,ID775,C,2527.3255248949395,397.1102798376597,-2110.6188193646985
776,ID776,C,2160.3269479532282,399.6587404041808,-1761.7606545564831
777,ID777,B,2377.8654882740125,399.392612411286,4761.4561852224615
778,ID778,B,2341.622219207567,394.0294746910907,4667.761228869142
779,ID779,A,2628.591217355685,404.4224136240037,5853.741319087765
780,ID780,A,2491.453576610364,393.9920907184678,5494.202713840421
781,ID781,C,2784.0951268221743,380.39071132331685,-2421.0682800913064
782,ID782,A,2976.3043545273185,423.6451382630382,6828.554164181061
783,ID783,A,2732.185583112066,407.7729643305187,6165.4229207338585
784,ID784,B,2612.5101972263974,365.70699300459813,5222.28201485412
785,ID785,B,2639.9748809343664,421.8013762375993,5263.508168964475
786,ID786,A,2633.6683122038876,409.07746553224604,5859.202877776138
787,ID787,A,2436.0060897813455,381.7507207297357,5402.464604997416
788,ID788,C,2911.5743468718847,410.39437392391693,-2535.5023386507987
789,ID789,C,2189.4648141521257,395.13295940478383,-1802.7429282060848
790,ID790,C,2414.3496456501675,401.08859536693234,-2008.588544569863
791,ID791,B,2298.431461687848,428.5268332586083,4618.749877466861
792,ID792,B,1823.784422952716,416.4998936549837,3648.378274936723
793,ID793,C,2711.147529345909,377.23582881229424,-2340.040498570024
794,ID794,B,2003.774365400801,391.9482011842895,3994.419787394923
795,ID795,B,2735.0217690018526,408.7470172846336,5480.305305086298
796,ID796,C,2998.1552366917276,415.4248009885406,-2604.0676677005777
797,ID797,C,2649.927539122903,406.7067629686062,-2234.2184211073077
798,ID798,C,2562.7895049048684,396.2499848979595,-2167.1367504015366
799,ID799,B,2529.324666837443,385.4357059010267,5061.122175570678
